ID Controle;Dominio;Nome do Controle;Descricao consolidada do controle;ISO 27001/27002;NIST;CIS v8;Reguladores;Responsavel;Evidencia Esperada
APP-01;Seguranca de Aplicacoes;Seguranca Especifica para APIs;A organizacao deve definir e manter controles de seguranca especificos para APIs, incluindo autenticacao forte, autorizacao adequada, limitacao de requisicoes, validacao de dados e protecao contra abusos.;"A.8.20; A.8.22; A.8.23";"CSF: PR.AC, PR.PT; 800-53: AC/SC";"16; 6";"BACEN; PCI (se CDE); LGPD";Engenharia + AppSec/DevSecOps;"Padroes de API (authz/authn); rate limit; gateway/WAF policies; checklist OWASP API; evidencia em config e testes"
APP-02;Seguranca de Aplicacoes;Monitoramento Continuo de APIs;A organizacao deve monitorar continuamente o uso de APIs para identificar comportamentos anomalos, tentativas de exploracao e falhas de seguranca, com geracao de alertas e resposta adequada.;"A.8.15; A.8.16; A.5.25";"CSF: DE.CM, RS.AN; 800-53: AU/SI";"8; 13";"BACEN; PCI (se CDE)";SOC/SecOps + Engenharia;"Dashboards/alertas de API; deteccao de abuso; playbooks; evidencias de incidentes/alertas tratados; retencao de logs"
AST-01;Ativos, Dados & Classificacao;Inventario De Ativos De Informacao;A organizacao deve identificar e manter controles formais para inventario de ativos de informacao, garantindo atualizacao periodica, responsabilidades definidas, e rastreabilidade para auditoria. |-| A organizacao deve manter e manter controles formais para inventario de ativos de informacao, garantindo atualizacao periodica, responsabilidades definidas, e rastreabilidade para auditoria.;"ISO 27001 A.5.33 
ISO 27001 A.5.9";NIST ID.AM-1 |-| NIST PR.DS-1;CIS 1 |-| CIS 3;BACEN/BCB, CVM, B3, ANPD, PCI;TI / Seguranca;"Procedimento; registros; relatorios; evidencias tecnicas"
AST-02;Ativos, Dados & Classificacao;Classificacao Da Informacao;A organizacao deve classificar e manter controles formais para classificacao da informacao, garantindo atualizacao periodica, responsabilidades definidas, e rastreabilidade para auditoria. |-| A organizacao deve revisar e manter controles formais para classificacao da informacao, garantindo atualizacao periodica, responsabilidades definidas, e rastreabilidade para auditoria.;"ISO 27001 A.5.12
ISO 27001 A.8.12";NIST ID.AM-5 |-| NIST PR.IP-6;CIS 12 |-| CIS 2;BACEN/BCB, CVM, B3, ANPD, PCI;TI / Seguranca;"Procedimento; registros; relatorios; evidencias tecnicas"
AST-03;Ativos, Dados & Classificacao;Mapeamento De Dados Pessoais (Ropa);A organizacao deve mapear e manter controles formais para mapeamento de dados pessoais (ROPA), garantindo atualizacao periodica, responsabilidades definidas, e rastreabilidade para auditoria. |-| A organizacao deve rotular e manter controles formais para mapeamento de dados pessoais (ROPA), garantindo atualizacao periodica, responsabilidades definidas, e rastreabilidade para auditoria.;"ISO 27001 A.5.33
ISO 27001 A.5.9";NIST ID.AM-1 |-| NIST PR.DS-1;CIS 1 |-| CIS 3;BACEN/BCB, CVM, B3, ANPD, PCI;TI / Seguranca;"Procedimento; registros; relatorios; evidencias tecnicas"
AST-04;Ativos, Dados & Classificacao;Mapeamento De Dados Sensiveis;A organizacao deve controlar e manter controles formais para mapeamento de dados sensiveis, garantindo atualizacao periodica, responsabilidades definidas, e rastreabilidade para auditoria. |-| A organizacao deve manter e manter controles formais para mapeamento de dados sensiveis, garantindo atualizacao periodica, responsabilidades definidas, e rastreabilidade para auditoria.;"ISO 27001 A.5.12
ISO 27001 A.8.12";NIST ID.AM-5 |-| NIST PR.IP-6;CIS 12 |-| CIS 2;BACEN/BCB, CVM, B3, ANPD, PCI;TI / Seguranca;"Procedimento; registros; relatorios; evidencias tecnicas"
AST-05;Ativos, Dados & Classificacao;Ciclo De Vida De Dados;A organizacao deve identificar e manter controles formais para ciclo de vida de dados, garantindo atualizacao periodica, responsabilidades definidas, e rastreabilidade para auditoria. |-| A organizacao deve revisar e manter controles formais para ciclo de vida de dados, garantindo atualizacao periodica, responsabilidades definidas, e rastreabilidade para auditoria.;ISO 27001 A.5.33 |-| ISO 27001 A.5.9;NIST ID.AM-1 |-| NIST PR.DS-1;CIS 1 |-| CIS 3;BACEN/BCB, CVM, B3, ANPD, PCI;TI / Seguranca;"Procedimento; registros; relatorios; evidencias tecnicas"
AST-06;Ativos, Dados & Classificacao;Retencao E Descarte;A organizacao deve classificar e manter controles formais para retencao e descarte, garantindo atualizacao periodica, responsabilidades definidas, e rastreabilidade para auditoria. |-| A organizacao deve mapear e manter controles formais para retencao e descarte, garantindo atualizacao periodica, responsabilidades definidas, e rastreabilidade para auditoria.;ISO 27001 A.5.12 |-| ISO 27001 A.8.12;NIST ID.AM-5 |-| NIST PR.IP-6;CIS 12 |-| CIS 2;BACEN/BCB, CVM, B3, ANPD, PCI;TI / Seguranca;"Procedimento; registros; relatorios; evidencias tecnicas"
AST-07;Ativos, Dados & Classificacao;Fluxos De Compartilhamento;A organizacao deve controlar e manter controles formais para fluxos de compartilhamento, garantindo atualizacao periodica, responsabilidades definidas, e rastreabilidade para auditoria. |-| A organizacao deve rotular e manter controles formais para fluxos de compartilhamento, garantindo atualizacao periodica, responsabilidades definidas, e rastreabilidade para auditoria.;ISO 27001 A.5.33 |-| ISO 27001 A.5.9;NIST ID.AM-1 |-| NIST PR.DS-1;CIS 1 |-| CIS 3;BACEN/BCB, CVM, B3, ANPD, PCI;TI / Seguranca;"Procedimento; registros; relatorios; evidencias tecnicas"
AST-08;Ativos, Dados & Classificacao;Catalogacao De Apis E Integracoes;A organizacao deve identificar e manter controles formais para catalogacao de APIs e integracoes, garantindo atualizacao periodica, responsabilidades definidas, e rastreabilidade para auditoria. |-| A organizacao deve manter e manter controles formais para catalogacao de APIs e integracoes, garantindo atualizacao periodica, responsabilidades definidas, e rastreabilidade para auditoria.;ISO 27001 A.5.12 |-| ISO 27001 A.8.12;NIST ID.AM-5 |-| NIST PR.IP-6;CIS 12 |-| CIS 2;BACEN/BCB, CVM, B3, ANPD, PCI;TI / Seguranca;"Procedimento; registros; relatorios; evidencias tecnicas"
AST-09;Ativos, Dados & Classificacao;Propriedade (Data Owners);A organizacao deve classificar e manter controles formais para propriedade (data owners), garantindo atualizacao periodica, responsabilidades definidas, e rastreabilidade para auditoria. |-| A organizacao deve revisar e manter controles formais para propriedade (data owners), garantindo atualizacao periodica, responsabilidades definidas, e rastreabilidade para auditoria.;ISO 27001 A.5.33 |-| ISO 27001 A.5.9;NIST ID.AM-1 |-| NIST PR.DS-1;CIS 1 |-| CIS 3;BACEN/BCB, CVM, B3, ANPD, PCI;TI / Seguranca;"Procedimento; registros; relatorios; evidencias tecnicas"
AST-10;Ativos, Dados & Classificacao;Localizacao De Dados (Data Residency);A organizacao deve mapear e manter controles formais para localizacao de dados (data residency), garantindo atualizacao periodica, responsabilidades definidas, e rastreabilidade para auditoria. |-| A organizacao deve rotular e manter controles formais para localizacao de dados (data residency), garantindo atualizacao periodica, responsabilidades definidas, e rastreabilidade para auditoria.;ISO 27001 A.5.12 |-| ISO 27001 A.8.12;NIST ID.AM-5 |-| NIST PR.IP-6;CIS 12 |-| CIS 2;BACEN/BCB, CVM, B3, ANPD, PCI;TI / Seguranca;"Procedimento; registros; relatorios; evidencias tecnicas"
AWA-01;Conscientizacao e Capacitacao;Treinamento Tecnico por Perfil;A organizacao deve garantir programas de capacitacao em seguranca da informacao adequados aos diferentes perfis tecnicos e executivos, considerando responsabilidades, riscos e acessos especificos.;A.6.3;CSF: PR.AT;14;"BACEN; LGPD (boas praticas)";Seguranca (Awareness) + RH;"Trilhas por perfil (Dev/Infra/Exec); registros de presenca/quiz; metricas de eficacia; conteudo atualizado e aprovado"
BCM-01;Continuidade & Resiliencia;Resiliencia Cibernetica e Capacidade;A organizacao deve avaliar e proteger sua capacidade operacional contra eventos de exaustao, falhas sistemicas e ataques que comprometam a disponibilidade de servicos criticos.;"ISO A.5.29
ISO A.8.14
ISO A.8.16";"NIST PR.PT, DE.CM, RC; 800-34";"CIS 12
CIS 13";"BACEN; CVM";SRE/Infra + Seguranca;"Testes de capacidade; controles anti-DDoS; planos de contingencia; SLO/SLAs; evidencia de exercicios e correcoes"
BCM-02;Continuidade & Resiliencia;BIA e Criticidade;A organizacao deve definir e manter controles formais para BIA e criticidade, garantindo atualizacao periodica, responsabilidades definidas, e rastreabilidade para auditoria. |-| A organizacao deve manter e manter controles formais para BIA e criticidade, garantindo atualizacao periodica, responsabilidades definidas, e rastreabilidade para auditoria.;ISO 22301 |-| ISO 27001 A.8.14;NIST ID.BE-4 |-| NIST PR.IP-4;CIS 11 |-| CIS 17;BACEN/BCB, CVM, B3, SUSEP;GCN / TI;"Procedimento; registros; relatorios; evidencias tecnicas"
BCM-03;Continuidade & Resiliencia;Rto/Rpo E Estrategias;A organizacao deve exercitar e manter controles formais para RTO/RPO e estrategias, garantindo atualizacao periodica, responsabilidades definidas, e rastreabilidade para auditoria. |-| A organizacao deve testar e manter controles formais para RTO/RPO e estrategias, garantindo atualizacao periodica, responsabilidades definidas, e rastreabilidade para auditoria.;ISO 27001 A.5.29 |-| ISO 27001 A.5.30;NIST ID.SC-5 |-| NIST RC.RP-1;CIS 12 |-| CIS 4;BACEN/BCB, CVM, B3, SUSEP;GCN / TI;"Procedimento; registros; relatorios; evidencias tecnicas"
BCM-04;Continuidade & Resiliencia;Drp E Runbooks;A organizacao deve documentar e manter controles formais para DRP e runbooks, garantindo atualizacao periodica, responsabilidades definidas, e rastreabilidade para auditoria. |-| A organizacao deve restaurar e manter controles formais para DRP e runbooks, garantindo atualizacao periodica, responsabilidades definidas, e rastreabilidade para auditoria.;ISO 22301 |-| ISO 27001 A.8.14;NIST ID.BE-4 |-| NIST PR.IP-4;CIS 11 |-| CIS 17;BACEN/BCB, CVM, B3, SUSEP;GCN / TI;"Procedimento; registros; relatorios; evidencias tecnicas"
BCM-05;Continuidade & Resiliencia;Testes De Dr;A organizacao deve manter e manter controles formais para testes de DR, garantindo atualizacao periodica, responsabilidades definidas, e rastreabilidade para auditoria. |-| A organizacao deve validar e manter controles formais para testes de DR, garantindo atualizacao periodica, responsabilidades definidas, e rastreabilidade para auditoria.;ISO 27001 A.5.29 |-| ISO 27001 A.5.30;NIST ID.SC-5 |-| NIST RC.RP-1;CIS 12 |-| CIS 4;BACEN/BCB, CVM, B3, SUSEP;GCN / TI;"Procedimento; registros; relatorios; evidencias tecnicas"
BCM-06;Continuidade & Resiliencia;Continuidade De Fornecedores;A organizacao deve definir e manter controles formais para continuidade de fornecedores, garantindo atualizacao periodica, responsabilidades definidas, e rastreabilidade para auditoria. |-| A organizacao deve exercitar e manter controles formais para continuidade de fornecedores, garantindo atualizacao periodica, responsabilidades definidas, e rastreabilidade para auditoria.;ISO 22301 |-| ISO 27001 A.8.14;NIST ID.BE-4 |-| NIST PR.IP-4;CIS 11 |-| CIS 17;BACEN/BCB, CVM, B3, SUSEP;GCN / TI;"Procedimento; registros; relatorios; evidencias tecnicas"
BCM-07;Continuidade & Resiliencia;Plano De Comunicacao De Crise;A organizacao deve auditar e manter controles formais para plano de saida (exit plan), garantindo atualizacao periodica, responsabilidades definidas, e rastreabilidade para auditoria. |-| A organizacao deve avaliar e manter controles formais para plano de saida (exit plan), garantindo atualizacao periodica, responsabilidades definidas, e rastreabilidade para auditoria.;ISO 27001 A.5.20 |-| ISO 27001 A.5.30;NIST ID.SC-2 |-| NIST ID.SC-5;CIS 14 |-| CIS 2;BACEN/BCB, CVM, B3, SUSEP;GCN / TI;"Procedimento; registros; relatorios; evidencias tecnicas"
BCM-08;Continuidade & Resiliencia;Gestao De Backup E Restauracao;A organizacao deve documentar e manter controles formais para gestao de backup e restauracao, garantindo atualizacao periodica, responsabilidades definidas, e rastreabilidade para auditoria. |-| A organizacao deve validar e manter controles formais para gestao de backup e restauracao, garantindo atualizacao periodica, responsabilidades definidas, e rastreabilidade para auditoria.;ISO 22301 |-| ISO 27001 A.8.14;NIST ID.BE-4 |-| NIST PR.IP-4;CIS 11 |-| CIS 17;BACEN/BCB, CVM, B3, SUSEP;GCN / TI;"Procedimento; registros; relatorios; evidencias tecnicas"
BCM-09;Continuidade & Resiliencia;Capacidade E Redundancia;A organizacao deve definir e manter controles formais para capacidade e redundancia, garantindo atualizacao periodica, responsabilidades definidas, e rastreabilidade para auditoria. |-| A organizacao deve manter e manter controles formais para capacidade e redundancia, garantindo atualizacao periodica, responsabilidades definidas, e rastreabilidade para auditoria.;ISO 27001 A.5.29 |-| ISO 27001 A.5.30;NIST ID.SC-5 |-| NIST RC.RP-1;CIS 12 |-| CIS 4;BACEN/BCB, CVM, B3, SUSEP;GCN / TI;"Procedimento; registros; relatorios; evidencias tecnicas"
BCM-10;Continuidade & Resiliencia;Simulados Integrados;A organizacao deve exercitar e manter controles formais para simulados integrados, garantindo atualizacao periodica, responsabilidades definidas, e rastreabilidade para auditoria. |-| A organizacao deve testar e manter controles formais para simulados integrados, garantindo atualizacao periodica, responsabilidades definidas, e rastreabilidade para auditoria.;ISO 22301 |-| ISO 27001 A.8.14;NIST ID.BE-4 |-| NIST PR.IP-4;CIS 11 |-| CIS 17;BACEN/BCB, CVM, B3, SUSEP;GCN / TI;"Procedimento; registros; relatorios; evidencias tecnicas"
BCM-11;Continuidade & Resiliencia;Melhoria Continua;A organizacao deve documentar e manter controles formais para melhoria continua, garantindo atualizacao periodica, responsabilidades definidas, e rastreabilidade para auditoria. |-| A organizacao deve restaurar e manter controles formais para melhoria continua, garantindo atualizacao periodica, responsabilidades definidas, e rastreabilidade para auditoria.;ISO 27001 A.5.29 |-| ISO 27001 A.5.30;NIST ID.SC-5 |-| NIST RC.RP-1;CIS 12 |-| CIS 4;BACEN/BCB, CVM, B3, SUSEP;GCN / TI;"Procedimento; registros; relatorios; evidencias tecnicas"
DEV-01;Desenvolvimento Seguro;Integracao de Seguranca ao SDLC;A organizacao deve integrar controles de seguranca ao ciclo de desenvolvimento de software, incluindo analise de codigo, testes de seguranca e validacoes antes da implantacao em producao.;"A.8.25; A.8.28";"NIST SSDF; CSF: PR.IP; 800-53: SA";"16; 18";"BACEN (boas praticas); PCI (se CDE)";DevSecOps + Engenharia;"Pipeline CI/CD com SAST/DAST/SCA; gates de release; registros de excecao; evidencia de correcoes priorizadas"
DEV-02;Desenvolvimento Seguro;Segregacao de Ambientes de Desenvolvimento;A organizacao deve manter segregacao formal entre ambientes de desenvolvimento, teste e producao, com controles de acesso, dados e mudancas adequados a cada ambiente.;"A.8.31; A.8.32; A.5.15";"CSF: PR.AC, PR.IP; 800-53: AC/CM";"4; 6";"BACEN; PCI (se CDE)";Infra/Plataforma + IAM;"Diagramas de ambientes; controles de rede; acesso restrito … producao; evidencia de dados mascarados em nao-prod; registros de mudancas"
GOV-01;Governanca & Politicas;Politica de Seguranca da Informacao;A organizacao deve estabelecer, aprovar, comunicar e manter uma Politica de Seguranca da Informacao que defina principios, diretrizes, papeis, responsabilidades e objetivos para protecao da informacao, com revisao periodica e aprovacao da alta administracao.;"ISO 27001 A.5
ISO 27001 A.5.1";"NIST PR.IP-1
NIST ID.GV-1";"CIS 14.1
CIS 17.1";BACEN/BCB, CVM, SUSEP;GRC Seguranca;"Politica aprovada; atas; historico de revisao; evidencia de comunicacao"
GOV-02;Governanca & Politicas;Explicabilidade e Auditoria de Decisoes Automatizadas;A organizacao deve garantir que decisoes automatizadas criticas possuam mecanismos de explicabilidade, registros auditaveis e possibilidade de revisao humana, conforme requisitos legais e regulatorios aplicaveis.;"A.5.31; A.8.15; A.8.16";"CSF: GV, PR; 800-53: AU, AR";"8; 17";"LGPD (art. 20); BACEN/CVM (conforme aplicacao)";Privacidade + GRC + Produto;"Evidencia de trilha de auditoria; registros de decisao; procedimento de contestacao/revisao humana; testes de explicabilidade (quando aplicavel)"
GOV-03;Governanca & Politicas;Estrutura de Governanca (RACI);A organizacao deve definir, documentar e manter responsabilidades e autoridades (RACI) para seguranca, privacidade e continuidade, incluindo escalonamentos, papeis decisorios e responsaveis por evidencias e controles.;ISO 27001 A.5.2;NIST ID.GV-2;CIS 17.3;BACEN/BCB, CVM, ANPD;GRC Seguranca;"RACI; organograma; charter; atas de comite"
GOV-04;Governanca & Politicas;Comite de Seguranca e Privacidade;A organizacao deve instituir forum recorrente de governanca para deliberar sobre risco, incidentes, conformidade e investimentos em seguranca e privacidade, com registro de decisoes e acompanhamento de acoes.;ISO 27001 A.5;NIST ID.GV-4;CIS 17.4;BACEN/BCB, CVM;GRC Seguranca;"Calendario; atas; pauta; evidencia de follow-up"
GOV-05;Governanca & Politicas;Gestao de Excecoes e Aceites;A organizacao deve manter processo formal para solicitacao, avaliacao, aprovacao, validade e revisao de excecoes a politicas e padroes de seguranca, incluindo aceite de risco e compensating controls.;ISO 27001 A.5.5;NIST ID.RM-1;CIS 2.6;BACEN/BCB, CVM, PCI;GRC Seguranca;"Formularios; termos de aceite; evidencias compensatorias; revisoes"
GOV-06;Governanca & Politicas;Gestao Documental de Seguranca;A organizacao deve manter repositorio controlado de politicas, normas, procedimentos e registros de seguranca, com controle de versao, aprovacao, retencao e trilha de auditoria.;ISO 27001 A.5.37;NIST ID.GV-3;CIS 14.2;BACEN/BCB, CVM;GRC Seguranca;"Repositorio; versionamento; logs de acesso; matriz de documentos"
GOV-07;Governanca & Politicas;Metricas e Relato Executivo;A organizacao deve definir e monitorar KPIs/KRIs de seguranca e privacidade, reportando periodicamente … alta gestao e comites, com acoes de mitigacao para desvios relevantes.;ISO 27001 A.5;NIST ID.ME-1;CIS 17.5;BACEN/BCB, CVM;GRC Seguranca;"Paineis; atas; relatorios; planos de acao"
GOV-08;Governanca & Politicas;Gestao de Conformidade Regulatoria;A organizacao deve identificar, manter e revisar requisitos regulatorios aplicaveis a ciberseguranca e privacidade e garantir rastreabilidade para controles, evidencias e obrigacoes de reporte.;ISO 27001 A.5.31;NIST ID.GV-5;CIS 18.1;BACEN/BCB, CVM, SUSEP, ANPD;GRC Seguranca;"Matriz regulatoria; inventario; evidencias; trilha de auditoria"
GOV-09;Governanca & Politicas;Auditoria Interna / Independente;A organizacao deve planejar e executar avaliacoes independentes (auditoria interna/externa) do programa de seguranca, com registro de achados, planos de correcao e validacao de efetividade.;ISO 27001 A.5;NIST ID.GV-6;CIS 18.2;BACEN/BCB, CVM;GRC Seguranca;"Plano de auditoria; relatorios; evidencias de remediacao"
GOV-10;Governanca & Politicas;Gestao de Competencias;A organizacao deve definir competencias minimas e garantir capacitacao continua para funcoes criticas de seguranca, privacidade e operacoes, incluindo trilhas especificas por papel.;ISO 27001 A.6.3;NIST ID.GV-2;CIS 14.3;BACEN/BCB;GRC Seguranca;"Matriz de competencias; trilhas; registros de treinamentos"
GOV-11;Governanca & Politicas;Codigo de Conduta e Uso Aceitavel;A organizacao deve definir e comunicar regras de uso aceitavel de recursos tecnologicos e tratamento de informacao, com sancoes e mecanismos de fiscalizacao.;ISO 27001 A.5.10;NIST PR.AT-1;CIS 14.4;BACEN/BCB, CVM;GRC Seguranca;"Politica; aceite de usuarios; campanhas; evidencias de enforcement"
GOV-12;Governanca & Politicas;Gestao de Mudancas em Politicas;A organizacao deve manter processo de mudanca controlada para politicas e padroes de seguranca, incluindo analise de impacto, comunicacao e evidencias de implantacao.;ISO 27001 A.8.32;NIST PR.IP-3;CIS 4.8;BACEN/BCB, PCI;GRC Seguranca;"Registros de mudanca; aprovacoes; comunicacao"
GOV-13;Governanca & Politicas;Classificacao de Criticidade de Servicos;A organizacao deve classificar processos e servicos por criticidade e impacto (operacional, financeiro, reputacional e regulatorio) para direcionar controles e resiliencia.;ISO 27001 A.5.9;NIST ID.BE-3;CIS 2.1;BACEN/BCB, CVM, B3;GRC Seguranca;"Matriz de criticidade; owners; evidencia de revisao"
GOV-14;Governanca & Politicas;Plano de Investimentos em Seguranca;A organizacao deve manter planejamento anual/multianual de investimentos em seguranca e privacidade baseado em risco, com priorizacao e acompanhamento de execucao.;ISO 27001 A.5;NIST ID.RM-2;CIS 17.6;BACEN/BCB, CVM;GRC Seguranca;"Roadmap; orcamento; business cases; status"
GOV-15;Governanca & Politicas;Gestao de Terceirizacao Estrategica (Governanca);A organizacao deve definir governanca para terceirizacao estrategica de funcoes criticas de TI/Seguranca, incluindo responsabilidades, supervisao e mecanismos de controle.;ISO 27001 A.5.19;NIST ID.SC-1;CIS 15.1;BACEN/BCB;GRC Seguranca;"Modelo de governanca; contratos; evidencias de supervisao"
GOV-16;Governanca & Politicas;Politica de Retencao de Registros;A organizacao deve definir e aplicar politica de retencao e descarte de registros de seguranca, logs e evidencias, considerando requisitos regulatorios e de investigacao.;ISO 27001 A.5.33;NIST PR.PT-1;CIS 8.5;BACEN/BCB, CVM, PCI;GRC Seguranca;"Politica; configuracoes; evidencia de retencao"
GOV-17;Governanca & Politicas;Gestao de Riscos de Mudanca Organizacional;A organizacao deve avaliar riscos de seguranca e privacidade em mudancas organizacionais relevantes (M&A, novos produtos, novas licencas), com plano de mitigacao.;ISO 27001 A.5;NIST ID.RA-3;CIS 18.3;BACEN/BCB, CVM, ANPD;GRC Seguranca;"Checklists; pareceres; planos; evidencias de mitigacao"
GOV-18;Governanca & Politicas;Gestao de Comunicacao e Crise;A organizacao deve definir processo de gestao de crise cibernetica com comunicacao interna/externa, alinhado a juridico e comunicacao corporativa.;ISO 27001 A.5.24;NIST RS.CO-1;CIS 17.7;BACEN/BCB, CVM, ANPD;GRC Seguranca;"Plano de crise; templates; atas de war room"
GOV-19;Governanca & Politicas;Politica de Seguranca para Desenvolvimento;A organizacao deve estabelecer padroes e requisitos de seguranca para desenvolvimento e mudanca de software (SDLC), incluindo revisoes e validacoes.;ISO 27001 A.8.25;NIST PR.DS-6;CIS 16.1;BACEN/BCB, PCI;GRC Seguranca;"Padroes SDLC; checklists; evidencia de reviews"
GOV-20;Governanca & Politicas;Gestao de Compliance PCI (Governanca);A organizacao deve manter governanca especifica para PCI DSS, definindo escopo, responsaveis, calendario de evidencias, gestao de requisitos e validacao periodica.;PCI DSS Req. 12;NIST ID.GV;CIS 18.4;PCI;GRC Seguranca;"Escopo CDE; RACI; AOC/ROC; calendario; evidencias"
GOV-21;Governanca & Politicas;Gestao de Risco de Modelos e Decisao Automatizada;A organizacao deve identificar, avaliar e tratar riscos de seguranca da informacao, privacidade e integridade associados a modelos, algoritmos e processos de decisao automatizada, garantindo controles de acesso, versionamento, rastreabilidade e revisao periodica.;"A.5.4; A.5.7; A.8.12; A.8.28";"CSF: GV.RM, ID.RA; 800-53: RA/SA";"17; 18";"BACEN; CVM; LGPD";GRC/Seguranca + Donos de Produto/Modelos;"Politica/Procedimento de risco de modelos; inventario de modelos; matriz de risco; registro de versoes/aprovacoes; evidencia de revisao periodica"
IAM-01;Gestao de Identidades & Acessos;Revisao Periodica De Acessos, incluindo contas PAM;A organizacao deve revisar e manter controles formais para revisao periodica de acessos, garantindo atualizacao periodica, responsabilidades definidas, e rastreabilidade para auditoria. Deve tambem segregar e manter controles formais para gestao de contas privilegiadas (PAM), garantindo atualizacao periodica, responsabilidades definidas, e rastreabilidade para auditoria.;ISO 27001 A.5.18;NIST PR.AC-6;CIS 3;BACEN/BCB, CVM, B3, PCI, ANPD;IAM / TI;"Procedimento; registros; relatorios; evidencias tecnicas"
IAM-02;Gestao de Identidades & Acessos;Acesso De Terceiros;A organizacao deve registrar, revisar e manter controles formais para o acesso de terceiros, assegurando atualizacao periodica, responsabilidades claramente definidas e rastreabilidade adequada para fins de auditoria.;"ISO 27001 A.5.18
ISO 27001 A.5.15";"NIST PR.AC-6
NIST PR.AC-1";"CIS 3
CIS 6";BACEN/BCB, CVM, B3, PCI, ANPD;IAM / TI;"Procedimento; registros; relatorios; evidencias tecnicas"
IAM-03;Gestao de Identidades & Acessos;Acesso A Dados De Cartao (Cde);A organizacao deve conceder, autenticar e manter controles formais para o acesso a dados de cartao (CDE), assegurando que os processos de autorizacao e autenticacao estejam devidamente definidos, revisados periodicamente, com responsabilidades claras e rastreabilidade adequada para fins de auditoria.;"ISO 27001 A.8.2
ISO 27001 A.5.16";"NIST PR.PT-3
NIST PR.AC-4";"CIS 8
CIS 5";BACEN/BCB, CVM, B3, PCI, ANPD;IAM / TI;"Procedimento; registros; relatorios; evidencias tecnicas"
IAM-04;Gestao de Identidades & Acessos;Principio Do Menor Privilegio;A organizacao deve autenticar e manter controles formais para principio do menor privilegio, garantindo atualizacao periodica, responsabilidades definidas, e rastreabilidade para auditoria. |-| A organizacao deve conceder e manter controles formais para principio do menor privilegio, garantindo atualizacao periodica, responsabilidades definidas, e rastreabilidade para auditoria.;ISO 27001 A.5.15 |-| ISO 27001 A.5.18;NIST PR.AC-1 |-| NIST PR.AC-6;CIS 3 |-| CIS 6;BACEN/BCB, CVM, B3, PCI, ANPD;IAM / TI;"Procedimento; registros; relatorios; evidencias tecnicas"
IAM-05;Gestao de Identidades & Acessos;Provisionamento E Desprovisionamento;A organizacao deve autorizar e manter controles formais para provisionamento e desprovisionamento, garantindo atualizacao periodica, responsabilidades definidas, e rastreabilidade para auditoria. |-| A organizacao deve revogar e manter controles formais para provisionamento e desprovisionamento, garantindo atualizacao periodica, responsabilidades definidas, e rastreabilidade para auditoria.;ISO 27001 A.5.16 |-| ISO 27001 A.8.2;NIST PR.AC-4 |-| NIST PR.PT-3;CIS 5 |-| CIS 8;BACEN/BCB, CVM, B3, PCI, ANPD;IAM / TI;"Procedimento; registros; relatorios; evidencias tecnicas"
IAM-06;Gestao de Identidades & Acessos;Revisao Periodica De Acessos;A organizacao deve segregar e manter controles formais para revisao periodica de acessos, garantindo atualizacao periodica, responsabilidades definidas, e rastreabilidade para auditoria.;ISO 27001 A.5.15;NIST PR.AC-1;CIS 6;BACEN/BCB, CVM, B3, PCI, ANPD;IAM / TI;"Procedimento; registros; relatorios; evidencias tecnicas"
IAM-07;Gestao de Identidades & Acessos;Mfa Em Sistemas Criticos;A organizacao deve autenticar e manter controles formais para MFA em sistemas criticos, garantindo atualizacao periodica, responsabilidades definidas, e rastreabilidade para auditoria. |-| A organizacao deve registrar e manter controles formais para MFA em sistemas criticos, garantindo atualizacao periodica, responsabilidades definidas, e rastreabilidade para auditoria.;ISO 27001 A.5.16 |-| ISO 27001 A.8.2;NIST PR.AC-4 |-| NIST PR.PT-3;CIS 5 |-| CIS 8;BACEN/BCB, CVM, B3, PCI, ANPD;IAM / TI;"Procedimento; registros; relatorios; evidencias tecnicas"
IAM-08;Gestao de Identidades & Acessos;Segregacao De Funcoes;A organizacao deve autorizar e manter controles formais para segregacao de funcoes, garantindo atualizacao periodica, responsabilidades definidas, e rastreabilidade para auditoria. |-| A organizacao deve conceder e manter controles formais para segregacao de funcoes, garantindo atualizacao periodica, responsabilidades definidas, e rastreabilidade para auditoria.;ISO 27001 A.5.15 |-| ISO 27001 A.5.18;NIST PR.AC-1 |-| NIST PR.AC-6;CIS 3 |-| CIS 6;BACEN/BCB, CVM, B3, PCI, ANPD;IAM / TI;"Procedimento; registros; relatorios; evidencias tecnicas"
IAM-09;Gestao de Identidades & Acessos;Gestao De Contas Privilegiadas (Pam);A organizacao deve revogar e manter controles formais para gestao de contas privilegiadas (PAM), garantindo atualizacao periodica, responsabilidades definidas, e rastreabilidade para auditoria. |-| A organizacao deve segregar e manter controles formais para gestao de contas privilegiadas (PAM), garantindo atualizacao periodica, responsabilidades definidas, e rastreabilidade para auditoria.;ISO 27001 A.5.16 |-| ISO 27001 A.8.2;NIST PR.AC-4 |-| NIST PR.PT-3;CIS 5 |-| CIS 8;BACEN/BCB, CVM, B3, PCI, ANPD;IAM / TI;"Procedimento; registros; relatorios; evidencias tecnicas"
IAM-10;Gestao de Identidades & Acessos;Gestao De Chaves E Segredos;A organizacao deve autorizar e manter controles formais para gestao de chaves e segredos, garantindo atualizacao periodica, responsabilidades definidas, e rastreabilidade para auditoria. |-| A organizacao deve revogar e manter controles formais para gestao de chaves e segredos, garantindo atualizacao periodica, responsabilidades definidas, e rastreabilidade para auditoria.;ISO 27001 A.5.15 |-| ISO 27001 A.5.18;NIST PR.AC-1 |-| NIST PR.AC-6;CIS 3 |-| CIS 6;BACEN/BCB, CVM, B3, PCI, ANPD;IAM / TI;"Procedimento; registros; relatorios; evidencias tecnicas"
IAM-11;Gestao de Identidades & Acessos;Logs De Autenticacao;A organizacao deve revisar e manter controles formais para logs de autenticacao, garantindo atualizacao periodica, responsabilidades definidas, e rastreabilidade para auditoria. |-| A organizacao deve segregar e manter controles formais para logs de autenticacao, garantindo atualizacao periodica, responsabilidades definidas, e rastreabilidade para auditoria.;ISO 27001 A.5.16 |-| ISO 27001 A.8.2;NIST PR.AC-4 |-| NIST PR.PT-3;CIS 5 |-| CIS 8;BACEN/BCB, CVM, B3, PCI, ANPD;IAM / TI;"Procedimento; registros; relatorios; evidencias tecnicas"
IAM-12;Gestao de Identidades & Acessos;Gestao Centralizada de Segredos;A organizacao deve implementar controles formais para armazenamento, protecao, rotacao e revogacao de segredos (como chaves, tokens, certificados e credenciais), assegurando segregacao de ambientes e rastreabilidade de uso.;"A.8.24; A.8.28; A.8.12";"CSF: PR.AC, PR.DS; 800-53: IA/SC/CM";"3; 6";"BACEN; PCI (se CDE); LGPD (seguranca)";IAM + Engenharia/Plataforma;"Inventario de segredos; cofre/solucao de secrets; politica de rotacao; logs de acesso; evidencia de revogacao e segregacao por ambiente"
IAM-13;Gestao de Identidades & Acessos;Proibicao de Segredos Hardcoded;A organizacao deve proibir o armazenamento de segredos diretamente em codigo-fonte, scripts ou repositorios, adotando mecanismos seguros de injecao e gestao de credenciais.;"A.8.28; A.8.9";"CSF: PR.DS; SSDF (praticas de protecao de segredos)";"3; 16";"BACEN; PCI (se CDE)";DevSecOps + Engenharia;"Padrao de coding; pipeline com secret scanning; relatorios de deteccao/correcao; excecoes aprovadas (se existirem)"
INC-01;Gestao de Incidentes;Processo De Gestao De Incidentes;A organizacao deve detectar e manter controles formais para processo de gestao de incidentes, garantindo atualizacao periodica, responsabilidades definidas, e rastreabilidade para auditoria. |-| A organizacao deve escalonar e manter controles formais para processo de gestao de incidentes, garantindo atualizacao periodica, responsabilidades definidas, e rastreabilidade para auditoria.;ISO 27001 A.5.24 |-| ISO 27001 A.5.26;NIST DE.AE-2 |-| NIST RS.RP-1;CIS 13 |-| CIS 17;BACEN/BCB, CVM, ANPD, PCI;SecOps / GRC;"Procedimento; registros; relatorios; evidencias tecnicas"
INC-02;Gestao de Incidentes;Classificacao De Severidade;A organizacao deve investigar e manter controles formais para classificacao de severidade, garantindo atualizacao periodica, responsabilidades definidas, e rastreabilidade para auditoria. |-| A organizacao deve registrar e manter controles formais para classificacao de severidade, garantindo atualizacao periodica, responsabilidades definidas, e rastreabilidade para auditoria.;ISO 27001 A.5.25 |-| ISO 27035;NIST RC.RP-1 |-| NIST RS.CO-2;CIS 14 |-| CIS 8;BACEN/BCB, CVM, ANPD, PCI;SecOps / GRC;"Procedimento; registros; relatorios; evidencias tecnicas"
INC-03;Gestao de Incidentes;Playbooks Por Cenario;A organizacao deve classificar e manter controles formais para playbooks por cenario, garantindo atualizacao periodica, responsabilidades definidas, e rastreabilidade para auditoria. |-| A organizacao deve erradicar e manter controles formais para playbooks por cenario, garantindo atualizacao periodica, responsabilidades definidas, e rastreabilidade para auditoria.;ISO 27001 A.5.24 |-| ISO 27001 A.5.26;NIST DE.AE-2 |-| NIST RS.RP-1;CIS 13 |-| CIS 17;BACEN/BCB, CVM, ANPD, PCI;SecOps / GRC;"Procedimento; registros; relatorios; evidencias tecnicas"
INC-04;Gestao de Incidentes;Comunicacao Regulatoria (Cvm/Anpd/Bacen);A organizacao deve definir e manter controles formais para continuidade de fornecedores, garantindo atualizacao periodica, responsabilidades definidas, e rastreabilidade para auditoria. |-| A organizacao deve exercitar e manter controles formais para continuidade de fornecedores, garantindo atualizacao periodica, responsabilidades definidas, e rastreabilidade para auditoria.;ISO 22301 |-| ISO 27001 A.8.14;NIST ID.BE-4 |-| NIST PR.IP-4;CIS 11 |-| CIS 17;BACEN/BCB, CVM, ANPD, PCI;SecOps / GRC;"Procedimento; registros; relatorios; evidencias tecnicas"
INC-05;Gestao de Incidentes;Forense E Preservacao De Evidencias;A organizacao deve detectar e manter controles formais para forense e preservacao de evidencias, garantindo atualizacao periodica, responsabilidades definidas, e rastreabilidade para auditoria. |-| A organizacao deve investigar e manter controles formais para forense e preservacao de evidencias, garantindo atualizacao periodica, responsabilidades definidas, e rastreabilidade para auditoria.;ISO 27001 A.5.24 |-| ISO 27001 A.5.26;NIST DE.AE-2 |-| NIST RS.RP-1;CIS 13 |-| CIS 17;BACEN/BCB, CVM, ANPD, PCI;SecOps / GRC;"Procedimento; registros; relatorios; evidencias tecnicas"
INC-06;Gestao de Incidentes;Licoes Aprendidas;A organizacao deve erradicar e manter controles formais para licoes aprendidas, garantindo atualizacao periodica, responsabilidades definidas, e rastreabilidade para auditoria. |-| A organizacao deve registrar e manter controles formais para licoes aprendidas, garantindo atualizacao periodica, responsabilidades definidas, e rastreabilidade para auditoria.;ISO 27001 A.5.25 |-| ISO 27035;NIST RC.RP-1 |-| NIST RS.CO-2;CIS 14 |-| CIS 8;BACEN/BCB, CVM, ANPD, PCI;SecOps / GRC;"Procedimento; registros; relatorios; evidencias tecnicas"
INC-07;Gestao de Incidentes;Testes/Tabletops;A organizacao deve classificar e manter controles formais para testes/tabletops, garantindo atualizacao periodica, responsabilidades definidas, e rastreabilidade para auditoria. |-| A organizacao deve recuperar e manter controles formais para testes/tabletops, garantindo atualizacao periodica, responsabilidades definidas, e rastreabilidade para auditoria.;ISO 27001 A.5.24 |-| ISO 27001 A.5.26;NIST DE.AE-2 |-| NIST RS.RP-1;CIS 13 |-| CIS 17;BACEN/BCB, CVM, ANPD, PCI;SecOps / GRC;"Procedimento; registros; relatorios; evidencias tecnicas"
INC-08;Gestao de Incidentes;Gestao De Vulnerabilidade Explorada;A organizacao deve detectar e manter controles formais para gestao de vulnerabilidade explorada, garantindo atualizacao periodica, responsabilidades definidas, e rastreabilidade para auditoria. |-| A organizacao deve escalonar e manter controles formais para gestao de vulnerabilidade explorada, garantindo atualizacao periodica, responsabilidades definidas, e rastreabilidade para auditoria.;ISO 27001 A.5.25 |-| ISO 27035;NIST RC.RP-1 |-| NIST RS.CO-2;CIS 14 |-| CIS 8;BACEN/BCB, CVM, ANPD, PCI;SecOps / GRC;"Procedimento; registros; relatorios; evidencias tecnicas"
INC-09;Gestao de Incidentes;Gestao De Crises;A organizacao deve investigar e manter controles formais para gestao de crises, garantindo atualizacao periodica, responsabilidades definidas, e rastreabilidade para auditoria. |-| A organizacao deve registrar e manter controles formais para gestao de crises, garantindo atualizacao periodica, responsabilidades definidas, e rastreabilidade para auditoria.;ISO 27001 A.5.24 |-| ISO 27001 A.5.26;NIST DE.AE-2 |-| NIST RS.RP-1;CIS 13 |-| CIS 17;BACEN/BCB, CVM, ANPD, PCI;SecOps / GRC;"Procedimento; registros; relatorios; evidencias tecnicas"
INC-10;Gestao de Incidentes;Notificacao A Clientes;A organizacao deve segmentar e manter controles formais para pentest anual, garantindo atualizacao periodica, responsabilidades definidas, e rastreabilidade para auditoria. |-| A organizacao deve validar e manter controles formais para pentest anual, garantindo atualizacao periodica, responsabilidades definidas, e rastreabilidade para auditoria.;PCI DSS Req. 11 |-| PCI DSS Req. 3;NIST PR.AC-6 |-| NIST PR.PT-4;CIS 3 |-| CIS 8;BACEN/BCB, CVM, ANPD, PCI;SecOps / GRC;"Procedimento; registros; relatorios; evidencias tecnicas"
LOG-01;Monitoramento & Logs;Protecao e Integridade de Logs;A organizacao deve garantir que logs de seguranca e transacoes criticas sejam protegidos contra alteracao ou exclusao nao autorizada, mantendo integridade e rastreabilidade.;"A.8.15; A.8.16";"CSF: DE.CM; 800-53: AU";8;"BACEN; PCI (se CDE)";SecOps/SOC + Infra;"Config de imutabilidade/WORM (quando aplicavel); controles de acesso; trilha de auditoria; evidencia de integridade (hash/assinatura)"
LOG-02;Monitoramento & Logs;Retencao Regulatoria de Logs;A organizacao deve definir e aplicar periodos minimos de retencao de logs conforme requisitos legais, regulatorios e contratuais, assegurando disponibilidade para auditorias e investigacoes.;"A.5.33; A.8.15";"CSF: GV.PO, DE.CM; 800-53: AU-11";8;"BACEN; CVM; PCI (se CDE)";GRC + SecOps + Juridico;"Politica de retencao; tabela de retencoes por sistema; evidencia de armazenamento; testes de restauracao/consulta; atendimento a auditoria"
PCI-01;Cartoes & PCI DSS;Definicao E Manutencao Do Escopo Cde;A organizacao deve definir e manter controles formais para definicao e manutencao do escopo CDE, garantindo atualizacao periodica, responsabilidades definidas, e rastreabilidade para auditoria. |-| A organizacao deve registrar e manter controles formais para definicao e manutencao do escopo CDE, garantindo atualizacao periodica, responsabilidades definidas, e rastreabilidade para auditoria.;PCI DSS Req. 1 |-| PCI DSS Req. 4;NIST DE.CM-1 |-| NIST PR.DS-2;CIS 12 |-| CIS 7;PCI DSS, BACEN/BCB;SecOps / PCI;"Procedimento; registros; relatorios; evidencias tecnicas"
PCI-02;Cartoes & PCI DSS;Segmentacao E Firewall;A organizacao deve segmentar e manter controles formais para segmentacao e firewall, garantindo atualizacao periodica, responsabilidades definidas, e rastreabilidade para auditoria. |-| A organizacao deve testar e manter controles formais para segmentacao e firewall, garantindo atualizacao periodica, responsabilidades definidas, e rastreabilidade para auditoria.;PCI DSS Req. 11 |-| PCI DSS Req. 3;NIST PR.AC-6 |-| NIST PR.PT-4;CIS 3 |-| CIS 8;PCI DSS, BACEN/BCB;SecOps / PCI;"Procedimento; registros; relatorios; evidencias tecnicas"
PCI-03;Cartoes & PCI DSS;Protecao De Dados Armazenados;A organizacao deve proteger e manter controles formais para protecao de dados armazenados, garantindo atualizacao periodica, responsabilidades definidas, e rastreabilidade para auditoria. |-| A organizacao deve validar e manter controles formais para protecao de dados armazenados, garantindo atualizacao periodica, responsabilidades definidas, e rastreabilidade para auditoria.;PCI DSS Req. 1 |-| PCI DSS Req. 4;NIST DE.CM-1 |-| NIST PR.DS-2;CIS 12 |-| CIS 7;PCI DSS, BACEN/BCB;SecOps / PCI;"Procedimento; registros; relatorios; evidencias tecnicas"
PCI-04;Cartoes & PCI DSS;Gestao De Vulnerabilidades (Asv);A organizacao deve definir e manter controles formais para gestao de vulnerabilidades (ASV), garantindo atualizacao periodica, responsabilidades definidas, e rastreabilidade para auditoria. |-| A organizacao deve testar e manter controles formais para gestao de vulnerabilidades (ASV), garantindo atualizacao periodica, responsabilidades definidas, e rastreabilidade para auditoria.;PCI DSS Req. 1 |-| PCI DSS Req. 4;NIST DE.CM-1 |-| NIST PR.DS-2;CIS 12 |-| CIS 7;PCI DSS, BACEN/BCB;SecOps / PCI;"Procedimento; registros; relatorios; evidencias tecnicas"
PCI-05;Cartoes & PCI DSS;Pentest Anual;A organizacao deve segmentar e manter controles formais para pentest anual, garantindo atualizacao periodica, responsabilidades definidas, e rastreabilidade para auditoria. |-| A organizacao deve validar e manter controles formais para pentest anual, garantindo atualizacao periodica, responsabilidades definidas, e rastreabilidade para auditoria.;PCI DSS Req. 11 |-| PCI DSS Req. 3;NIST PR.AC-6 |-| NIST PR.PT-4;CIS 3 |-| CIS 8;PCI DSS, BACEN/BCB;SecOps / PCI;"Procedimento; registros; relatorios; evidencias tecnicas"
PCI-06;Cartoes & PCI DSS;Logging E Monitoramento Do Cde;A organizacao deve monitorar e manter controles formais para logging e monitoramento do CDE, garantindo atualizacao periodica, responsabilidades definidas, e rastreabilidade para auditoria. |-| A organizacao deve proteger e manter controles formais para logging e monitoramento do CDE, garantindo atualizacao periodica, responsabilidades definidas, e rastreabilidade para auditoria.;PCI DSS Req. 1 |-| PCI DSS Req. 4;NIST DE.CM-1 |-| NIST PR.DS-2;CIS 12 |-| CIS 7;PCI DSS, BACEN/BCB;SecOps / PCI;"Procedimento; registros; relatorios; evidencias tecnicas"
PCI-07;Cartoes & PCI DSS;Gestao De Acessos Ao Cde;A organizacao deve definir e manter controles formais para gestao de acessos ao CDE, garantindo atualizacao periodica, responsabilidades definidas, e rastreabilidade para auditoria. |-| A organizacao deve registrar e manter controles formais para gestao de acessos ao CDE, garantindo atualizacao periodica, responsabilidades definidas, e rastreabilidade para auditoria.;PCI DSS Req. 11 |-| PCI DSS Req. 3;NIST PR.AC-6 |-| NIST PR.PT-4;CIS 3 |-| CIS 8;PCI DSS, BACEN/BCB;SecOps / PCI;"Procedimento; registros; relatorios; evidencias tecnicas"
PCI-08;Cartoes & PCI DSS;Processo De Mudanca No Cde;A organizacao deve segmentar e manter controles formais para processo de mudanca no CDE, garantindo atualizacao periodica, responsabilidades definidas, e rastreabilidade para auditoria. |-| A organizacao deve testar e manter controles formais para processo de mudanca no CDE, garantindo atualizacao periodica, responsabilidades definidas, e rastreabilidade para auditoria.;PCI DSS Req. 1 |-| PCI DSS Req. 4;NIST DE.CM-1 |-| NIST PR.DS-2;CIS 12 |-| CIS 7;PCI DSS, BACEN/BCB;SecOps / PCI;"Procedimento; registros; relatorios; evidencias tecnicas"
PCI-09;Cartoes & PCI DSS;Validacao Roc/Aoc;A organizacao deve proteger e manter controles formais para validacao ROC/AOC, garantindo atualizacao periodica, responsabilidades definidas, e rastreabilidade para auditoria. |-| A organizacao deve validar e manter controles formais para validacao ROC/AOC, garantindo atualizacao periodica, responsabilidades definidas, e rastreabilidade para auditoria.;PCI DSS Req. 11 |-| PCI DSS Req. 3;NIST PR.AC-6 |-| NIST PR.PT-4;CIS 3 |-| CIS 8;PCI DSS, BACEN/BCB;SecOps / PCI;"Procedimento; registros; relatorios; evidencias tecnicas"
PRV-01;Privacidade & LGPD;Comunicacao De Incidentes (Anpd);A organizacao deve mapear, avaliar e manter controles formais para a comunicacao de incidentes de seguranca da informacao e privacidade … ANPD, assegurando que os fluxos, criterios e responsabilidades estejam devidamente definidos, atualizados periodicamente e com rastreabilidade adequada para fins de auditoria.;ISO 27001 A.5.33;"NIST PR.DS-1
NIST PR.IP-8";CIS 3 |-| CIS 15;ANPD/LGPD, BACEN/BCB, CVM, SUSEP;Privacidade / Juridico;"Procedimento; registros; relatorios; evidencias tecnicas"
PRV-02;Privacidade & LGPD;Ropa E Inventario De Tratamentos;A organizacao deve comunicar e manter controles formais para ROPA e inventario de tratamentos, garantindo atualizacao periodica, responsabilidades definidas, e rastreabilidade para auditoria. |-| A organizacao deve mapear e manter controles formais para ROPA e inventario de tratamentos, garantindo atualizacao periodica, responsabilidades definidas, e rastreabilidade para auditoria.;ISO 27001 A.5.33 |-| ISO 27701;NIST PR.DS-1 |-| NIST PR.IP-8;CIS 17 |-| CIS 3;ANPD/LGPD, BACEN/BCB, CVM, SUSEP;Privacidade / Juridico;"Procedimento; registros; relatorios; evidencias tecnicas"
PRV-03;Privacidade & LGPD;Dsar (Direitos Do Titular);A organizacao deve avaliar e manter controles formais para DSAR (direitos do titular), garantindo atualizacao periodica, responsabilidades definidas, e rastreabilidade para auditoria. |-| A organizacao deve registrar e manter controles formais para DSAR (direitos do titular), garantindo atualizacao periodica, responsabilidades definidas, e rastreabilidade para auditoria.;ISO 27001 A.5.31 |-| ISO 27001 A.5.34;NIST ID.GV-1 |-| NIST RS.CO-2;CIS 14 |-| CIS 18;ANPD/LGPD, BACEN/BCB, CVM, SUSEP;Privacidade / Juridico;"Procedimento; registros; relatorios; evidencias tecnicas"
PRV-04;Privacidade & LGPD;Bases Legais E Finalidade;A organizacao deve justificar e manter controles formais para bases legais e finalidade, garantindo atualizacao periodica, responsabilidades definidas, e rastreabilidade para auditoria. |-| A organizacao deve responder e manter controles formais para bases legais e finalidade, garantindo atualizacao periodica, responsabilidades definidas, e rastreabilidade para auditoria.;ISO 27001 A.5.33 |-| ISO 27701;NIST PR.DS-1 |-| NIST PR.IP-8;CIS 17 |-| CIS 3;ANPD/LGPD, BACEN/BCB, CVM, SUSEP;Privacidade / Juridico;"Procedimento; registros; relatorios; evidencias tecnicas"
PRV-05;Privacidade & LGPD;Contratos Operador/Controlador (Dpa);A organizacao deve proteger e manter controles formais para criptografia em repouso, garantindo atualizacao periodica, responsabilidades definidas, e rastreabilidade para auditoria. |-| A organizacao deve segmentar e manter controles formais para criptografia em repouso, garantindo atualizacao periodica, responsabilidades definidas, e rastreabilidade para auditoria.;ISO 27001 A.8.24 |-| ISO 27001 A.8.9;NIST DE.CM-1 |-| NIST PR.IP-12;CIS 10 |-| CIS 4;ANPD/LGPD, BACEN/BCB, CVM, SUSEP;Privacidade / Juridico;"Procedimento; registros; relatorios; evidencias tecnicas"
PRV-06;Privacidade & LGPD;Transferencia Internacional (Anpd 19);A organizacao deve justificar e manter controles formais para transferencia internacional (ANPD 19), garantindo atualizacao periodica, responsabilidades definidas, e rastreabilidade para auditoria. |-| A organizacao deve registrar e manter controles formais para transferencia internacional (ANPD 19), garantindo atualizacao periodica, responsabilidades definidas, e rastreabilidade para auditoria.;ISO 27001 A.5.31 |-| ISO 27001 A.5.34;NIST ID.GV-1 |-| NIST RS.CO-2;CIS 14 |-| CIS 18;ANPD/LGPD, BACEN/BCB, CVM, SUSEP;Privacidade / Juridico;"Procedimento; registros; relatorios; evidencias tecnicas"
PRV-07;Privacidade & LGPD;Retencao E Minimizacao;A organizacao deve comunicar e manter controles formais para retencao e minimizacao, garantindo atualizacao periodica, responsabilidades definidas, e rastreabilidade para auditoria. |-| A organizacao deve mapear e manter controles formais para retencao e minimizacao, garantindo atualizacao periodica, responsabilidades definidas, e rastreabilidade para auditoria.;ISO 27001 A.5.31 |-| ISO 27001 A.5.34;NIST ID.GV-1 |-| NIST RS.CO-2;CIS 14 |-| CIS 18;ANPD/LGPD, BACEN/BCB, CVM, SUSEP;Privacidade / Juridico;"Procedimento; registros; relatorios; evidencias tecnicas"
PRV-08;Privacidade & LGPD;Privacy By Design;A organizacao deve avaliar e manter controles formais para privacy by design, garantindo atualizacao periodica, responsabilidades definidas, e rastreabilidade para auditoria. |-| A organizacao deve registrar e manter controles formais para privacy by design, garantindo atualizacao periodica, responsabilidades definidas, e rastreabilidade para auditoria.;ISO 27001 A.5.33 |-| ISO 27701;NIST PR.DS-1 |-| NIST PR.IP-8;CIS 17 |-| CIS 3;ANPD/LGPD, BACEN/BCB, CVM, SUSEP;Privacidade / Juridico;"Procedimento; registros; relatorios; evidencias tecnicas"
PRV-09;Privacidade & LGPD;Treinamento Lgpd;A organizacao deve justificar e manter controles formais para treinamento LGPD, garantindo atualizacao periodica, responsabilidades definidas, e rastreabilidade para auditoria. |-| A organizacao deve responder e manter controles formais para treinamento LGPD, garantindo atualizacao periodica, responsabilidades definidas, e rastreabilidade para auditoria.;ISO 27001 A.5.31 |-| ISO 27001 A.5.34;NIST ID.GV-1 |-| NIST RS.CO-2;CIS 14 |-| CIS 18;ANPD/LGPD, BACEN/BCB, CVM, SUSEP;Privacidade / Juridico;"Procedimento; registros; relatorios; evidencias tecnicas"
RSK-01;Gestao de Riscos;Metodologia de Risco Cibernetico;A organizacao deve definir e aplicar metodologia formal para identificar, analisar, avaliar e tratar riscos ciberneticos, considerando ameacas, vulnerabilidades, impacto e probabilidade.;ISO 27005;NIST ID.RA-1;CIS 2.1;BACEN/BCB, CVM, SUSEP;GRC Seguranca;"Metodologia; criterios; templates; registros de aplicacao"
RSK-02;Gestao de Riscos;Registro de Riscos (Risk Register);A organizacao deve manter registro atualizado de riscos ciberneticos e de privacidade, com responsaveis, planos de tratamento, prazos e evidencias de acompanhamento.;ISO 27001 A.5.4;NIST ID.RA-6;CIS 2.2;BACEN/BCB, CVM, ANPD;GRC Seguranca;"Risk register; atas; status; evidencias de mitigacao"
RSK-03;Gestao de Riscos;Avaliacao de Risco por Sistema Critico;A organizacao deve avaliar riscos especificos por sistema critico, incluindo dependencias, superficie de ataque, controles atuais e riscos residuais.;ISO 27001 A.5.9;NIST ID.AM-5;CIS 2.3;CVM, B3, BACEN/BCB;GRC Seguranca;"Relatorios por sistema; owners; planos de acao"
RSK-04;Gestao de Riscos;Aceite de Risco Formal;A organizacao deve formalizar aceites de risco residual com justificativa, validade, compensating controls e aprovacao por autoridade competente.;ISO 27001 A.5.5;NIST ID.RM-1;CIS 2.6;BACEN/BCB, CVM, PCI;GRC Seguranca;"Termos de aceite; aprovacoes; revisoes"
RSK-05;Gestao de Riscos;Gestao de Risco de Terceiros;A organizacao deve avaliar e monitorar riscos de seguranca e privacidade de fornecedores, incluindo criticidade, localizacao de dados, subcontratacoes e historico de incidentes.;ISO 27001 A.5.19;NIST ID.SC-2;CIS 15.2;BACEN/BCB, ANPD, PCI;GRC Seguranca;"DDQ; scoring; planos; evidencias de monitoramento"
RSK-06;Gestao de Riscos;Avaliacao de Risco de Nuvem;A organizacao deve avaliar riscos associados ao uso de nuvem (IaaS/PaaS/SaaS), incluindo configuracoes, compartilhamento de responsabilidade e dependencias.;ISO 27001 A.5.23;NIST ID.SC-4;CIS 15.3;BACEN/BCB;GRC Seguranca;"Cloud risk assessment; arquitetura; matrizes"
RSK-07;Gestao de Riscos;Gestao de Risco de Mudancas (TI);A organizacao deve avaliar riscos de seguranca em mudancas de TI, incluindo alteracoes de configuracao, releases e mudancas de arquitetura.;ISO 27001 A.8.32;NIST PR.IP-3;CIS 4.8;BACEN/BCB, PCI;GRC Seguranca;"Registros CAB; analise de risco; aprovacoes"
RSK-08;Gestao de Riscos;KRIs e Apetite a Risco;A organizacao deve definir apetite a risco e KRIs para monitorar exposicao cibernetica, com gatilhos de escalonamento e decisoes de tratamento.;ISO 27001 A.5;NIST ID.RM-2;CIS 2.7;BACEN/BCB, CVM;GRC Seguranca;"KRIs; thresholds; reports; atas"
RSK-09;Gestao de Riscos;Modelagem de Ameacas;A organizacao deve conduzir modelagem de ameacas para servicos criticos e novas funcionalidades, identificando vetores de ataque e requisitos de controle.;ISO 27001 A.8.25;NIST ID.RA-3;CIS 16.3;BACEN/BCB, PCI;GRC Seguranca;"Threat models; backlog; evidencias de mitigacao"
RSK-10;Gestao de Riscos;Gestao de Risco de Fraude Digital;A organizacao deve avaliar e tratar riscos de fraude digital e abuso, incluindo controles de deteccao, prevencao e resposta.;ISO 27001 A.5;NIST PR.AT;CIS 8.2;BACEN/BCB, CVM;GRC Seguranca;"Matriz fraude; controles; alertas; cases"
RSK-11;Gestao de Riscos;Risco de Concentracao de Fornecedores;A organizacao deve avaliar risco de concentracao em fornecedores criticos e definir estrategias de mitigacao (redundancia, planos alternativos).;ISO 27001 A.5.30;NIST ID.SC-5;CIS 15.4;BACEN/BCB;GRC Seguranca;"Analise concentracao; planos; evidencias de testes"
RSK-12;Gestao de Riscos;Risco de Disponibilidade de Servicos Essenciais;A organizacao deve avaliar impacto de indisponibilidade de servicos essenciais e definir controles e estrategias de resiliencia.;ISO 22301;NIST ID.BE-5;CIS 4.10;BACEN/BCB, CVM, B3;GRC Seguranca;"BIA; SLOs; testes; relatorios"
RSK-13;Gestao de Riscos;Gestao de Risco de Dados (Privacidade);A organizacao deve avaliar riscos de privacidade por atividade de tratamento, considerando finalidade, base legal, dados, compartilhamentos e medidas de seguranca.;ISO 27701;NIST PR.IP-8;CIS 3.4;ANPD, BACEN/BCB;GRC Seguranca;"LIAs/DPIAs; ROPA; planos"
RSK-14;Gestao de Riscos;Revisao Periodica do Perfil de Risco;A organizacao deve revisar periodicamente o perfil de risco cibernetico e de privacidade, considerando mudancas internas, ameacas e incidentes.;ISO 27001 A.5;NIST ID.RA-5;CIS 2.4;BACEN/BCB, CVM;GRC Seguranca;"Relatorios; atas; versoes anteriores"
RSK-15;Gestao de Riscos;Avaliacao de Risco de Integracoes/API;A organizacao deve avaliar riscos de integracoes e APIs (internas/externas), incluindo autenticacao, autorizacao, rate limit e protecao contra abuso.;ISO 27001 A.8.28;NIST PR.AC-4;CIS 16.6;BACEN/BCB, PCI;GRC Seguranca;"Arquitetura API; testes; evidencias WAF"
RSK-16;Gestao de Riscos;Gestao de Risco de Terceiros Subcontratados;A organizacao deve controlar riscos de subcontratacoes (quarteirizacao), exigindo transparencia, requisitos de seguranca e direito de auditoria.;ISO 27001 A.5.19;NIST ID.SC-3;CIS 15.5;BACEN/BCB, ANPD;GRC Seguranca;"Clausulas; inventario subfornecedores; evidencias"
RSK-17;Gestao de Riscos;Plano de Tratamento Priorizado por Regulador;A organizacao deve priorizar tratamentos de risco considerando impacto regulatorio (BACEN/CVM/PCI/ANPD), com criterios objetivos e trilha de decisao.;ISO 27001 A.5;NIST ID.RM-3;CIS 2.5;BACEN/BCB, CVM, PCI, ANPD;GRC Seguranca;"Matriz priorizacao; backlog; atas"
RSK-18;Gestao de Riscos;Avaliacao de Risco para DR e Backups;A organizacao deve avaliar riscos de recuperacao (RTO/RPO) e definir controles para backups, restauracao e testes.;ISO 22301;NIST PR.IP-4;CIS 11.1;BACEN/BCB, B3;GRC Seguranca;"Planos; testes; relatorios"
RSK-19;Gestao de Riscos;Gestao de Risco de Exposicao Publica;A organizacao deve avaliar e tratar exposicao publica de ativos (DNS, endpoints, cloud), incluindo inventario, varredura e correcao de misconfigurations.;ISO 27001 A.8.8;NIST DE.CM-8;CIS 12.1;BACEN/BCB, PCI;GRC Seguranca;"Relatorios ASM; correcoes; evidencias"
RSK-20;Gestao de Riscos;Risco de Engenharia Social;A organizacao deve avaliar risco de engenharia social e definir controles de mitigacao (treinamento, anti-phishing, processos).;ISO 27001 A.6.3;NIST PR.AT-2;CIS 14.6;BACEN/BCB, ANPD;GRC Seguranca;"Simulacoes; metricas; campanhas"
SEC-01;Seguranca Tecnica & Operacoes;Antimalware/Edr;A organizacao deve proteger e manter controles formais para antimalware/EDR, garantindo atualizacao periodica, responsabilidades definidas, e rastreabilidade para auditoria. |-| A organizacao deve validar e manter controles formais para antimalware/EDR, garantindo atualizacao periodica, responsabilidades definidas, e rastreabilidade para auditoria.;ISO 27001 A.8.24 |-| ISO 27001 A.8.9;NIST DE.CM-1 |-| NIST PR.IP-12;CIS 10 |-| CIS 4;BACEN/BCB, CVM, B3, SUSEP, PCI;SecOps;"Procedimento; registros; relatorios; evidencias tecnicas"
SEC-02;Seguranca Tecnica & Operacoes;Criptografia Em Transito;"A organizacao deve registrar, validar e manter controles formais para criptografia em transito, assegurando atualizacao periodica, responsabilidades claramente definidas e rastreabilidade adequada para fins de auditoria.
A organizacao deve definir e manter controles formais para definicao e manutencao do escopo CDE, garantindo atualizacao periodica, responsabilidades definidas, e rastreabilidade para auditoria. |-| A organizacao deve registrar e manter controles formais para definicao e manutencao do escopo CDE, garantindo atualizacao periodica, responsabilidades definidas, e rastreabilidade para auditoria.";"ISO 27001 A.8.15
ISO 27001 A.8.16
PCI DSS Req. 11
PCI DSS Req. 1
PCI DSS Req. 4";"NIST PR.PT-4
NIST PR.AC-6
NIST DE.CM-1
NIST PR.DS-2";"CIS 7
CIS 8
CIS 12
CIS 13";BACEN/BCB, CVM, B3, SUSEP, PCI;SecOps;"Procedimento; registros; relatorios; evidencias tecnicas"
SEC-03;Seguranca Tecnica & Operacoes;Hardening De Servidores E Endpoints;A organizacao deve configurar e manter controles formais para hardening de servidores e endpoints, garantindo atualizacao periodica, responsabilidades definidas, e rastreabilidade para auditoria. |-| A organizacao deve endurecer e manter controles formais para hardening de servidores e endpoints, garantindo atualizacao periodica, responsabilidades definidas, e rastreabilidade para auditoria.;ISO 27001 A.8.24 |-| ISO 27001 A.8.9;NIST DE.CM-1 |-| NIST PR.IP-12;CIS 10 |-| CIS 4;BACEN/BCB, CVM, B3, SUSEP, PCI;SecOps;"Procedimento; registros; relatorios; evidencias tecnicas"
SEC-04;Seguranca Tecnica & Operacoes;Gestao De Patches;A organizacao deve atualizar e manter controles formais para gestao de patches, garantindo atualizacao periodica, responsabilidades definidas, e rastreabilidade para auditoria. |-| A organizacao deve monitorar e manter controles formais para gestao de patches, garantindo atualizacao periodica, responsabilidades definidas, e rastreabilidade para auditoria.;ISO 27001 A.8.15 |-| ISO 27001 A.8.16;NIST PR.DS-2 |-| NIST PR.PT-4;CIS 13 |-| CIS 7;BACEN/BCB, CVM, B3, SUSEP, PCI;SecOps;"Procedimento; registros; relatorios; evidencias tecnicas"
SEC-05;Seguranca Tecnica & Operacoes;Waf E Protecao De Aplicacoes;A organizacao deve endurecer e manter controles formais para WAF e protecao de aplicacoes, garantindo atualizacao periodica, responsabilidades definidas, e rastreabilidade para auditoria. |-| A organizacao deve segmentar e manter controles formais para WAF e protecao de aplicacoes, garantindo atualizacao periodica, responsabilidades definidas, e rastreabilidade para auditoria.;ISO 27001 A.8.15 |-| ISO 27001 A.8.16;NIST PR.DS-2 |-| NIST PR.PT-4;CIS 13 |-| CIS 7;BACEN/BCB, CVM, B3, SUSEP, PCI;SecOps;"Procedimento; registros; relatorios; evidencias tecnicas"
SEC-06;Seguranca Tecnica & Operacoes;Segmentacao De Rede;A organizacao deve atualizar e manter controles formais para segmentacao de rede, garantindo atualizacao periodica, responsabilidades definidas, e rastreabilidade para auditoria. |-| A organizacao deve configurar e manter controles formais para segmentacao de rede, garantindo atualizacao periodica, responsabilidades definidas, e rastreabilidade para auditoria.;ISO 27001 A.8.24 |-| ISO 27001 A.8.9;NIST DE.CM-1 |-| NIST PR.IP-12;CIS 10 |-| CIS 4;BACEN/BCB, CVM, B3, SUSEP, PCI;SecOps;"Procedimento; registros; relatorios; evidencias tecnicas"
SEC-07;Seguranca Tecnica & Operacoes;Criptografia Em Repouso;A organizacao deve proteger e manter controles formais para criptografia em repouso, garantindo atualizacao periodica, responsabilidades definidas, e rastreabilidade para auditoria. |-| A organizacao deve segmentar e manter controles formais para criptografia em repouso, garantindo atualizacao periodica, responsabilidades definidas, e rastreabilidade para auditoria.;ISO 27001 A.8.24 |-| ISO 27001 A.8.9;NIST DE.CM-1 |-| NIST PR.IP-12;CIS 10 |-| CIS 4;BACEN/BCB, CVM, B3, SUSEP, PCI;SecOps;"Procedimento; registros; relatorios; evidencias tecnicas"
SEC-08;Seguranca Tecnica & Operacoes;Backup Seguro;A organizacao deve configurar e manter controles formais para backup seguro, garantindo atualizacao periodica, responsabilidades definidas, e rastreabilidade para auditoria. |-| A organizacao deve endurecer e manter controles formais para backup seguro, garantindo atualizacao periodica, responsabilidades definidas, e rastreabilidade para auditoria.;ISO 27001 A.8.15 |-| ISO 27001 A.8.16;NIST PR.DS-2 |-| NIST PR.PT-4;CIS 13 |-| CIS 7;BACEN/BCB, CVM, B3, SUSEP, PCI;SecOps;"Procedimento; registros; relatorios; evidencias tecnicas"
SEC-09;Seguranca Tecnica & Operacoes;Monitoramento Siem;A organizacao deve atualizar e manter controles formais para monitoramento SIEM, garantindo atualizacao periodica, responsabilidades definidas, e rastreabilidade para auditoria. |-| A organizacao deve formalizar e manter controles formais para nomeacao e canal do encarregado (DPO), garantindo atualizacao periodica, responsabilidades definidas, e rastreabilidade para auditoria. |-| A organizacao deve responder e manter controles formais para nomeacao e canal do encarregado (DPO), garantindo atualizacao periodica, responsabilidades definidas, e rastreabilidade para auditoria.;ISO 27001 A.5.33 |-| ISO 27001 A.8.24 |-| ISO 27701;NIST DE.CM-1 |-| NIST PR.DS-1 |-| NIST PR.IP-8;CIS 10 |-| CIS 17 |-| CIS 3;BACEN/BCB, CVM, B3, SUSEP, PCI;SecOps;"Procedimento; registros; relatorios; evidencias tecnicas"
SEC-10;Seguranca Tecnica & Operacoes;Nomeacao E Canal Do Encarregado (Dpo);A organizacao deve atualizar e manter controles formais para monitoramento SIEM, garantindo atualizacao periodica, responsabilidades definidas, e rastreabilidade para auditoria. |-| A organizacao deve formalizar e manter controles formais para nomeacao e canal do encarregado (DPO), garantindo atualizacao periodica, responsabilidades definidas, e rastreabilidade para auditoria. |-| A organizacao deve responder e manter controles formais para nomeacao e canal do encarregado (DPO), garantindo atualizacao periodica, responsabilidades definidas, e rastreabilidade para auditoria.;ISO 27001 A.5.33 |-| ISO 27001 A.8.24 |-| ISO 27701;NIST DE.CM-1 |-| NIST PR.DS-1 |-| NIST PR.IP-8;CIS 10 |-| CIS 17 |-| CIS 3;ANPD/LGPD, BACEN/BCB, CVM, SUSEP;Privacidade / Juridico;"Procedimento; registros; relatorios; evidencias tecnicas"
SEC-11;Seguranca Tecnica & Operacoes;Protecao De E-Mail E Anti-Phishing;A organizacao deve proteger e manter controles formais para protecao de e-mail e anti-phishing, garantindo atualizacao periodica, responsabilidades definidas, e rastreabilidade para auditoria. |-| A organizacao deve validar e manter controles formais para protecao de e-mail e anti-phishing, garantindo atualizacao periodica, responsabilidades definidas, e rastreabilidade para auditoria.;ISO 27001 A.8.15 |-| ISO 27001 A.8.16;NIST PR.DS-2 |-| NIST PR.PT-4;CIS 13 |-| CIS 7;BACEN/BCB, CVM, B3, SUSEP, PCI;SecOps;"Procedimento; registros; relatorios; evidencias tecnicas"
TPR-01;Terceiros & Cloud;Clausulas Contratuais De Seguranca;A organizacao deve exigir, monitorar e manter controles formais relacionados …s clausulas contratuais de seguranca, assegurando que os requisitos de seguranca da informacao sejam devidamente estabelecidos, acompanhados e revisados periodicamente, com responsabilidades claramente definidas e rastreabilidade adequada para fins de auditoria.;"ISO A.5.19
ISO A.5.23";NIST PR.DS-1 |-| NIST PR.IP-8;CIS 1 |-| CIS 4;BACEN/BCB, CVM, SUSEP, ANPD, PCI;GRC / Vendor;"Procedimento; registros; relatorios; evidencias tecnicas"
TPR-02;Terceiros & Cloud;Classificacao De Fornecedores Criticos;A organizacao deve auditar e manter controles formais para classificacao de fornecedores criticos, garantindo atualizacao periodica, responsabilidades definidas, e rastreabilidade para auditoria. |-| A organizacao deve avaliar e manter controles formais para classificacao de fornecedores criticos, garantindo atualizacao periodica, responsabilidades definidas, e rastreabilidade para auditoria.;ISO 27001 A.5.19 |-| ISO 27001 A.5.23;NIST ID.SC-1 |-| NIST ID.SC-4;CIS 15 |-| CIS 18;BACEN/BCB, CVM, SUSEP, ANPD, PCI;GRC / Vendor;"Procedimento; registros; relatorios; evidencias tecnicas"
TPR-03;Terceiros & Cloud;Due Diligence De Seguranca;A organizacao deve classificar e manter controles formais para due diligence de seguranca, garantindo atualizacao periodica, responsabilidades definidas, e rastreabilidade para auditoria. |-| A organizacao deve contratar e manter controles formais para due diligence de seguranca, garantindo atualizacao periodica, responsabilidades definidas, e rastreabilidade para auditoria.;ISO 27001 A.5.20 |-| ISO 27001 A.5.30;NIST ID.SC-2 |-| NIST ID.SC-5;CIS 14 |-| CIS 2;BACEN/BCB, CVM, SUSEP, ANPD, PCI;GRC / Vendor;"Procedimento; registros; relatorios; evidencias tecnicas"
TPR-04;Terceiros & Cloud;Direito De Auditoria;A organizacao deve documentar e manter controles formais para DRP e runbooks, garantindo atualizacao periodica, responsabilidades definidas, e rastreabilidade para auditoria. |-| A organizacao deve restaurar e manter controles formais para DRP e runbooks, garantindo atualizacao periodica, responsabilidades definidas, e rastreabilidade para auditoria.;ISO 22301 |-| ISO 27001 A.8.14;NIST ID.BE-4 |-| NIST PR.IP-4;CIS 11 |-| CIS 17;BACEN/BCB, CVM, SUSEP, ANPD, PCI;GRC / Vendor;"Procedimento; registros; relatorios; evidencias tecnicas"
TPR-05;Terceiros & Cloud;Monitoramento Continuo;A organizacao deve avaliar e manter controles formais para monitoramento continuo, garantindo atualizacao periodica, responsabilidades definidas, e rastreabilidade para auditoria. |-| A organizacao deve classificar e manter controles formais para monitoramento continuo, garantindo atualizacao periodica, responsabilidades definidas, e rastreabilidade para auditoria.;ISO 27001 A.5.19 |-| ISO 27001 A.5.23;NIST ID.SC-1 |-| NIST ID.SC-4;CIS 15 |-| CIS 18;BACEN/BCB, CVM, SUSEP, ANPD, PCI;GRC / Vendor;"Procedimento; registros; relatorios; evidencias tecnicas"
TPR-06;Terceiros & Cloud;Gestao De Subfornecedores;A organizacao deve contratar e manter controles formais para gestao de subfornecedores, garantindo atualizacao periodica, responsabilidades definidas, e rastreabilidade para auditoria. |-| A organizacao deve exigir e manter controles formais para gestao de subfornecedores, garantindo atualizacao periodica, responsabilidades definidas, e rastreabilidade para auditoria.;ISO 27001 A.5.20 |-| ISO 27001 A.5.30;NIST ID.SC-2 |-| NIST ID.SC-5;CIS 14 |-| CIS 2;BACEN/BCB, CVM, SUSEP, ANPD, PCI;GRC / Vendor;"Procedimento; registros; relatorios; evidencias tecnicas"
TPR-07;Terceiros & Cloud;Sla/Slo De Seguranca;A organizacao deve encerrar e manter controles formais para SLA/SLO de seguranca, garantindo atualizacao periodica, responsabilidades definidas, e rastreabilidade para auditoria. |-| A organizacao deve monitorar e manter controles formais para SLA/SLO de seguranca, garantindo atualizacao periodica, responsabilidades definidas, e rastreabilidade para auditoria.;ISO 27001 A.5.19 |-| ISO 27001 A.5.23;NIST ID.SC-1 |-| NIST ID.SC-4;CIS 15 |-| CIS 18;BACEN/BCB, CVM, SUSEP, ANPD, PCI;GRC / Vendor;"Procedimento; registros; relatorios; evidencias tecnicas"
TPR-08;Terceiros & Cloud;Plano De Saida (Exit Plan);A organizacao deve auditar e manter controles formais para plano de saida (exit plan), garantindo atualizacao periodica, responsabilidades definidas, e rastreabilidade para auditoria. |-| A organizacao deve avaliar e manter controles formais para plano de saida (exit plan), garantindo atualizacao periodica, responsabilidades definidas, e rastreabilidade para auditoria.;ISO 27001 A.5.20 |-| ISO 27001 A.5.30;NIST ID.SC-2 |-| NIST ID.SC-5;CIS 14 |-| CIS 2;BACEN/BCB, CVM, SUSEP, ANPD, PCI;GRC / Vendor;"Procedimento; registros; relatorios; evidencias tecnicas"
TPR-09;Terceiros & Cloud;Avaliacao De Localizacao De Dados;A organizacao deve classificar e manter controles formais para avaliacao de localizacao de dados, garantindo atualizacao periodica, responsabilidades definidas, e rastreabilidade para auditoria. |-| A organizacao deve contratar e manter controles formais para avaliacao de localizacao de dados, garantindo atualizacao periodica, responsabilidades definidas, e rastreabilidade para auditoria.;ISO 27001 A.5.19 |-| ISO 27001 A.5.23;NIST ID.SC-1 |-| NIST ID.SC-4;CIS 15 |-| CIS 18;BACEN/BCB, CVM, SUSEP, ANPD, PCI;GRC / Vendor;"Procedimento; registros; relatorios; evidencias tecnicas"
TPR-10;Terceiros & Cloud;Gestao De Incidentes Com Terceiros;A organizacao deve exigir e manter controles formais para gestao de incidentes com terceiros, garantindo atualizacao periodica, responsabilidades definidas, e rastreabilidade para auditoria. |-| A organizacao deve monitorar e manter controles formais para gestao de incidentes com terceiros, garantindo atualizacao periodica, responsabilidades definidas, e rastreabilidade para auditoria.;ISO 27001 A.5.20 |-| ISO 27001 A.5.30;NIST ID.SC-2 |-| NIST ID.SC-5;CIS 14 |-| CIS 2;BACEN/BCB, CVM, SUSEP, ANPD, PCI;GRC / Vendor;"Procedimento; registros; relatorios; evidencias tecnicas"
TPR-11;Terceiros & Cloud;Classificacao Tecnica de Terceiros;A organizacao deve classificar terceiros de acordo com o nivel de acesso logico, tratamento de dados sensiveis e criticidade operacional, aplicando controles de seguranca proporcionais ao risco.;A.5.19?A.5.23;"CSF: GV.SC, ID.RA; 800-53: SR";"15; 17";"BACEN; CVM; LGPD";GRC + Compras/Vendor + Seguranca;"Metodologia de classificacao; due diligence por nivel; registros de avaliacao; requisitos contratuais por criticidade"
